{"name":"BM_Backup_2022-10-24_10_57_36_V9zAlHfQBOWrqgo3.zip","date":"2022-10-24 10:57:36","files":4100,"bytes":116488671,"cron":false,"total_queries":79,"manifest":"2022-10-24 10:57:43","millis_start":1666609056.296979,"millis_end":1666609063.387973,"version":"1.2.2","domain":"signmedia.tk","dbdomain":"https:\/\/signmedia.tk","uid":1,"source_query_output":300,"db_backup_engine":"v4","config":{"ABSPATH":"\/var\/www\/signmedia.tk\/","DB_NAME":"wordpress","DB_USER":"wordpressuser","DB_PASSWORD":"signmedia123!","DB_HOST":"localhost","DB_CHARSET":"utf8","DB_COLLATE":"","AUTH_KEY":"BF$4n}X>U2dH~t&y~5|rJ|}oXN}\/Yj}!&BU>|`vS5z+%W{(7+1k|ZeG4&c|?nc:v","SECURE_AUTH_KEY":"bqH&2#bOp`]Ox47eV1g<d{V8?fER2|AH%3NWTjP|.&{.ZnKmD_xK{[qD1s3fI$US","LOGGED_IN_KEY":"Vz0(Y!(ampNy1xT5@Q9\/m9)6t]=5d@S+X9#XCnJ$H`J<LKvO4wC?Yy;L%]HFf1gU","NONCE_KEY":"Wlr>Ngo,iNMXAld~8vj3r9c%&2Nx&A=DJ&bq[tA_~4-cDJKNZNu2 =iyM%-pX!_m","AUTH_SALT":"DEI{=PmS6mSs[cFbW+wCmbt&>m6>Hh}y)=p8l#8|{Q%ACq>jZc8%8s8xO-A@R<5m","SECURE_AUTH_SALT":"dl473, a21Q|#Y~S\/xBP1-&VA{Y8hXk<^TRwLWxpXz-R{Oq!a8-m2#iUQTdsOH<0","LOGGED_IN_SALT":"A\/\/~rqZU9p#L^lThc9I`lk)Exj*vd0,o6;=e{D_vvGL#eK`dY{]tl|:la-|p)eqp","NONCE_SALT":"tUcKk`S53K556;HmjDzk=q?XT\/6R-E^0A7|aeud(*r#F{VB>Bh#{c.U8FLX+:>iX","WP_DEBUG_LOG":false,"WP_CONTENT_URL":"https:\/\/signmedia.tk\/wp-content","WP_CONTENT_DIR":"\/var\/www\/signmedia.tk\/wp-content\/","table_prefix":"wp_"}}